{
    "fan_energy": {
        "HE150": 431.9999886000192,
        "HE160": 169.4587287702803,
        "HE170": 473.1907115428618,
        "HE210": 292.0840670940136,
        "HE220": 276.6406194420092,
        "HE230": 481.5882805461422
    },
    "fuel_consumption": {
        "HE100": 0.0002631446572105346,
        "HE110": 0.0003289308215131531,
        "HE120": 0.0001295576697506801,
        "HE130": 0.0,
        "HE140": 0.0001316683416624299,
        "HE150": 0.0001253675683165287,
        "HE160": 0.000129054372956084,
        "HE170": 0.0001253675683165287,
        "HE210": 0.0001774349898694292,
        "HE220": 0.000167776232161572,
        "HE230": 0.0001469480690230914
    },
    "furnace_input": {
        "HE100": 77.75608846982276,
        "HE110": 97.19511058727878,
        "HE120": 38.28273671928848,
        "HE130": 0.0,
        "HE140": 38.90641494114739,
        "HE150": 37.04461202671361,
        "HE160": 38.13401855604739,
        "HE170": 37.04461202671361,
        "HE210": 52.4299102865378,
        "HE220": 49.57586328895849,
        "HE230": 43.42139101949588
    },
    "furnace_loads": {
        "HE100": 77.76000000000221,
        "HE110": 77.76000000000221,
        "HE120": 31.10625922874549,
        "HE130": 0.0,
        "HE140": 31.10813136471676,
        "HE150": 29.6573213426723,
        "HE160": 30.50257187089223,
        "HE170": 29.6573213426723,
        "HE210": 42.05940707503039,
        "HE220": 39.836552747614,
        "HE230": 34.67377647113324
    },
    "identifying_information": {
        "software_name": "TRNSYS18.06.0002",
        "testing_organization": "TESS"
    },
    "maximum_zone_temperature": {
        "HE210": 20,
        "HE220": 20,
        "HE230": 20
    },
    "mean_zone_temperature": {
        "HE210": 20.0,
        "HE220": 18.54282407407407,
        "HE230": 15.60436416531491
    },
    "minimum_zone_temperature": {
        "HE210": 20.0,
        "HE220": 15.0,
        "HE230": 1.525306291006456
    }
}