{
    "fan_energy": {
        "HE150": 433.3,
        "HE160": 172.2,
        "HE170": 473.1,
        "HE210": 291.4,
        "HE220": 276.1,
        "HE230": 431.4
    },
    "fuel_consumption": {
        "HE100": 0.000263,
        "HE110": 0.000329,
        "HE120": 0.0001295,
        "HE130": 0.0,
        "HE140": 0.000132,
        "HE150": 0.000125,
        "HE160": 0.000129,
        "HE170": 0.000125,
        "HE210": 0.000176,
        "HE220": 0.000167,
        "HE230": 0.000144
    },
    "furnace_input": {
        "HE100": 77.713344,
        "HE110": 97.21555199999999,
        "HE120": 38.265696000000005,
        "HE130": 0.0,
        "HE140": 39.00441600000001,
        "HE150": 36.93600000000001,
        "HE160": 38.117952,
        "HE170": 36.93600000000001,
        "HE210": 52.005888,
        "HE220": 49.346495999999995,
        "HE230": 42.55027200000001
    },
    "furnace_loads": {
        "HE100": 77.75,
        "HE110": 77.75,
        "HE120": 31.1,
        "HE130": 0.0,
        "HE140": 31.1,
        "HE150": 29.59,
        "HE160": 30.46,
        "HE170": 29.59,
        "HE210": 42.04,
        "HE220": 39.87,
        "HE230": 34.59
    },
    "identifying_information": {
        "software_name": "EnergyPlus",
        "testing_organization": "GARD"
    },
    "maximum_zone_temperature": {
        "HE210": 20,
        "HE220": 20,
        "HE230": 20
    },
    "mean_zone_temperature": {
        "HE210": 20.0,
        "HE220": 18.53,
        "HE230": 15.17
    },
    "minimum_zone_temperature": {
        "HE210": 20.0,
        "HE220": 15.0,
        "HE230": 4.48
    }
}