{
    "identifying_information": {
        "program_name_short": null,
        "results_submittal_date": null,
        "software_name": null,
        "software_release_date": null
    },
    "main_table": {
        "CE100": {
            "condenser_fan_kWh": 66.8486112000007,
            "cooling_energy_compressor_kWh": 1302.72576,
            "cooling_energy_total_kWh": 1511.9368992,
            "envelope_load_latent_kWh": 0.0,
            "envelope_load_sensible_kWh": 3655.58591999997,
            "envelope_load_total_kWh": 3655.58591999997,
            "evaporator_load_latent_kWh": 3.31379167799999e-14,
            "evaporator_load_sensible_kWh": 3797.94912000004,
            "evaporator_load_total_kWh": 3797.94912000004,
            "feb_max_cop": 2.41837672982054,
            "feb_max_hum_ratio_kg_kg": 0.007509,
            "feb_max_idb_c": 23.21,
            "feb_mean_cop": 2.41837672982052,
            "feb_mean_hum_ratio_kg_kg": 0.00750881000000003,
            "feb_mean_idb_c": 22.6345999999998,
            "feb_min_cop": 2.41837672982054,
            "feb_min_hum_ratio_kg_kg": 0.007509,
            "feb_min_idb_c": 22.09,
            "supply_fan_kWh": 142.362528000001
        },
        "CE110": {
            "condenser_fan_kWh": 59.4746500000001,
            "cooling_energy_compressor_kWh": 875.832180000007,
            "cooling_energy_total_kWh": 1061.96582600001,
            "envelope_load_latent_kWh": 0.0,
            "envelope_load_sensible_kWh": 3636.55339,
            "envelope_load_total_kWh": 3636.55339,
            "evaporator_load_latent_kWh": 2.6911818e-15,
            "evaporator_load_sensible_kWh": 3763.23621999999,
            "evaporator_load_total_kWh": 3763.23621999999,
            "feb_max_cop": 3.45526971824846,
            "feb_max_hum_ratio_kg_kg": 0.006631,
            "feb_max_idb_c": 23.06,
            "feb_mean_cop": 3.42710132364868,
            "feb_mean_hum_ratio_kg_kg": 0.00663092000000007,
            "feb_mean_idb_c": 22.5241705357143,
            "feb_min_cop": 3.41896989945921,
            "feb_min_hum_ratio_kg_kg": 0.006631,
            "feb_min_idb_c": 21.98,
            "supply_fan_kWh": 126.658996
        },
        "CE120": {
            "condenser_fan_kWh": 54.2346998000001,
            "cooling_energy_compressor_kWh": 831.92922,
            "cooling_energy_total_kWh": 1001.6637128,
            "envelope_load_latent_kWh": 0.0,
            "envelope_load_sensible_kWh": 3631.32162,
            "envelope_load_total_kWh": 3631.32162,
            "evaporator_load_latent_kWh": 3.81028842e-15,
            "evaporator_load_sensible_kWh": 3746.81050999999,
            "evaporator_load_total_kWh": 3746.81050999999,
            "feb_max_cop": 3.65405197743834,
            "feb_max_hum_ratio_kg_kg": 0.007952,
            "feb_max_idb_c": 28.26,
            "feb_mean_cop": 3.63125888341026,
            "feb_mean_hum_ratio_kg_kg": 0.00795172000000006,
            "feb_mean_idb_c": 27.0784875,
            "feb_min_cop": 3.60949241129359,
            "feb_min_hum_ratio_kg_kg": 0.007952,
            "feb_min_idb_c": 26.17,
            "supply_fan_kWh": 115.499793
        },
        "CE130": {
            "condenser_fan_kWh": 4.87829442,
            "cooling_energy_compressor_kWh": 94.8488639999995,
            "cooling_energy_total_kWh": 110.11610202,
            "envelope_load_latent_kWh": 0.0,
            "envelope_load_sensible_kWh": 209.371025,
            "envelope_load_total_kWh": 209.371025,
            "evaporator_load_latent_kWh": 3.14148594000001e-14,
            "evaporator_load_sensible_kWh": 219.769479000001,
            "evaporator_load_total_kWh": 219.769479000001,
            "feb_max_cop": 2.00325091087542,
            "feb_max_hum_ratio_kg_kg": 0.007519,
            "feb_max_idb_c": 22.25,
            "feb_mean_cop": 1.91626044262389,
            "feb_mean_hum_ratio_kg_kg": 0.00751938000000001,
            "feb_mean_idb_c": 21.6377203869048,
            "feb_min_cop": 1.67368972857756,
            "feb_min_hum_ratio_kg_kg": 0.007519,
            "feb_min_idb_c": 21.03,
            "supply_fan_kWh": 10.3889436
        },
        "CE140": {
            "condenser_fan_kWh": 3.85646178999999,
            "cooling_energy_compressor_kWh": 56.5735334999999,
            "cooling_energy_total_kWh": 68.6428335899999,
            "envelope_load_latent_kWh": 0.0,
            "envelope_load_sensible_kWh": 190.357972,
            "envelope_load_total_kWh": 190.357972,
            "evaporator_load_latent_kWh": -2.753349e-16,
            "evaporator_load_sensible_kWh": 198.564316000001,
            "evaporator_load_total_kWh": 198.564316000001,
            "feb_max_cop": 2.88475270363389,
            "feb_max_hum_ratio_kg_kg": 0.006594,
            "feb_max_idb_c": 22.25,
            "feb_mean_cop": 2.79960082016715,
            "feb_mean_hum_ratio_kg_kg": 0.00659406999999993,
            "feb_mean_idb_c": 21.5096550595238,
            "feb_min_cop": 2.31272028332371,
            "feb_min_hum_ratio_kg_kg": 0.006594,
            "feb_min_idb_c": 20.76,
            "supply_fan_kWh": 8.21283830000001
        },
        "CE150": {
            "condenser_fan_kWh": 65.4590751999999,
            "cooling_energy_compressor_kWh": 986.750329999998,
            "cooling_energy_total_kWh": 1191.6129832,
            "envelope_load_latent_kWh": 739.200000000009,
            "envelope_load_sensible_kWh": 3636.3775,
            "envelope_load_total_kWh": 4375.57750000001,
            "evaporator_load_latent_kWh": 739.20687,
            "evaporator_load_sensible_kWh": 3775.82163,
            "evaporator_load_total_kWh": 4515.02852,
            "feb_max_cop": 3.69520356633739,
            "feb_max_hum_ratio_kg_kg": 0.008566,
            "feb_max_idb_c": 23.28,
            "feb_mean_cop": 3.67341269168806,
            "feb_mean_hum_ratio_kg_kg": 0.00851520793154762,
            "feb_mean_idb_c": 22.6771450892857,
            "feb_min_cop": 3.66112921970152,
            "feb_min_hum_ratio_kg_kg": 0.008454,
            "feb_min_idb_c": 22.06,
            "supply_fan_kWh": 139.403578
        },
        "CE160": {
            "condenser_fan_kWh": 60.2387719,
            "cooling_energy_compressor_kWh": 944.358469999998,
            "cooling_energy_total_kWh": 1132.8835189,
            "envelope_load_latent_kWh": 739.200000000009,
            "envelope_load_sensible_kWh": 3631.41814,
            "envelope_load_total_kWh": 4370.61813999999,
            "evaporator_load_latent_kWh": 739.194659999999,
            "evaporator_load_sensible_kWh": 3759.68683999999,
            "evaporator_load_total_kWh": 4498.88159,
            "feb_max_cop": 3.86057245149456,
            "feb_max_hum_ratio_kg_kg": 0.01029,
            "feb_max_idb_c": 27.61,
            "feb_mean_cop": 3.85994821265019,
            "feb_mean_hum_ratio_kg_kg": 0.0102355619047619,
            "feb_mean_idb_c": 26.994762202381,
            "feb_min_cop": 3.8212296940892,
            "feb_min_hum_ratio_kg_kg": 0.01018,
            "feb_min_idb_c": 26.39,
            "supply_fan_kWh": 128.286277
        },
        "CE165": {
            "condenser_fan_kWh": 69.4843299999998,
            "cooling_energy_compressor_kWh": 1272.46645,
            "cooling_energy_total_kWh": 1489.92679,
            "envelope_load_latent_kWh": 739.200000000009,
            "envelope_load_sensible_kWh": 3647.96051999998,
            "envelope_load_total_kWh": 4387.16051999998,
            "evaporator_load_latent_kWh": 739.189179999996,
            "evaporator_load_sensible_kWh": 3795.91167,
            "evaporator_load_total_kWh": 4535.10084999999,
            "feb_max_cop": 2.95843778887194,
            "feb_max_hum_ratio_kg_kg": 0.009553,
            "feb_max_idb_c": 24.48,
            "feb_mean_cop": 2.9449030362171,
            "feb_mean_hum_ratio_kg_kg": 0.00951123892857146,
            "feb_mean_idb_c": 23.7804913690475,
            "feb_min_cop": 2.93357425820779,