{
    "identifying_information": {
        "program_name_short": "EnergyPlus",
        "results_submittal_date": "2001-06-14 00:00:00",
        "software_name": "EnergyPlus Version 1.0.0.023",
        "software_release_date": "nan"
    },
    "main_table": {
        "CE100": {
            "condenser_fan_kWh": NaN,
            "cooling_energy_compressor_kWh": NaN,
            "cooling_energy_total_kWh": 1520.0282210000007,
            "envelope_load_latent_kWh": 0.0,
            "envelope_load_sensible_kWh": 3654.1271522222223,
            "envelope_load_total_kWh": 3654.1271522222223,
            "evaporator_load_latent_kWh": 0.004946111110712081,
            "evaporator_load_sensible_kWh": 3797.644795555556,
            "evaporator_load_total_kWh": 3797.6497416666666,
            "feb_max_cop": 2.4067467970266785,
            "feb_max_hum_ratio_kg_kg": 0.0074746641,
            "feb_max_idb_c": 22.2001,
            "feb_mean_cop": 2.4039863877120875,
            "feb_mean_hum_ratio_kg_kg": 0.00747446230014878,
            "feb_mean_idb_c": 22.19991223214284,
            "feb_min_cop": 2.400479091385711,
            "feb_min_hum_ratio_kg_kg": 0.0074708224,
            "feb_min_idb_c": 22.19967,
            "supply_fan_kWh": 143.5532872999999
        },
        "CE110": {
            "condenser_fan_kWh": NaN,
            "cooling_energy_compressor_kWh": NaN,
            "cooling_energy_total_kWh": 1069.0684739999997,
            "envelope_load_latent_kWh": 0.0,
            "envelope_load_sensible_kWh": 3635.5344833333334,
            "envelope_load_total_kWh": 3635.5344833333334,
            "evaporator_load_latent_kWh": 0.003709999999955471,
            "evaporator_load_sensible_kWh": 3763.0651316666667,
            "evaporator_load_total_kWh": 3763.0688416666667,
            "feb_max_cop": 3.404871107754861,
            "feb_max_hum_ratio_kg_kg": 0.006583666,
            "feb_max_idb_c": 22.2002,
            "feb_mean_cop": 3.400656339374324,
            "feb_mean_hum_ratio_kg_kg": 0.006583478161904729,
            "feb_mean_idb_c": 22.199883229166648,
            "feb_min_cop": 3.3954407978021703,
            "feb_min_hum_ratio_kg_kg": 0.0065803761,
            "feb_min_idb_c": 22.19966,
            "supply_fan_kWh": 127.53854030000012
        },
        "CE120": {
            "condenser_fan_kWh": NaN,
            "cooling_energy_compressor_kWh": NaN,
            "cooling_energy_total_kWh": 1006.3902570000008,
            "envelope_load_latent_kWh": 0.0,
            "envelope_load_sensible_kWh": 3630.5353061111114,
            "envelope_load_total_kWh": 3630.5353061111114,
            "evaporator_load_latent_kWh": 0.004229444444263208,
            "evaporator_load_sensible_kWh": 3746.9016744444443,
            "evaporator_load_total_kWh": 3746.9059038888886,
            "feb_max_cop": 3.6117751637340705,
            "feb_max_hum_ratio_kg_kg": 0.0080404384,
            "feb_max_idb_c": 26.70008,
            "feb_mean_cop": 3.607482565395214,
            "feb_mean_hum_ratio_kg_kg": 0.00804022558750007,
            "feb_mean_idb_c": 26.700000580357038,
            "feb_min_cop": 3.6018854080546583,
            "feb_min_hum_ratio_kg_kg": 0.0080362251,
            "feb_min_idb_c": 26.6997,
            "supply_fan_kWh": 116.38453799999994
        },
        "CE130": {
            "condenser_fan_kWh": NaN,
            "cooling_energy_compressor_kWh": NaN,
            "cooling_energy_total_kWh": 108.59631579999997,
            "envelope_load_latent_kWh": 0.0,
            "envelope_load_sensible_kWh": 206.74753944444444,
            "envelope_load_total_kWh": 206.74753944444444,
            "evaporator_load_latent_kWh": 0.0007950000000107593,
            "evaporator_load_sensible_kWh": 217.00042416666668,
            "evaporator_load_total_kWh": 217.0012191666667,
            "feb_max_cop": 1.907024104125261,
            "feb_max_hum_ratio_kg_kg": 0.007477113,
            "feb_max_idb_c": 22.20002,
            "feb_mean_cop": 1.9038172512703648,
            "feb_mean_hum_ratio_kg_kg": 0.007476882294493987,
            "feb_mean_idb_c": 22.199994613095036,
            "feb_min_cop": 1.8998984790980955,
            "feb_min_hum_ratio_kg_kg": 0.007472544,
            "feb_min_idb_c": 22.19997,
            "supply_fan_kWh": 10.255692900000005
        },
        "CE140": {
            "condenser_fan_kWh": NaN,
            "cooling_energy_compressor_kWh": NaN,
            "cooling_energy_total_kWh": 67.90296199999996,
            "envelope_load_latent_kWh": 0.0,
            "envelope_load_sensible_kWh": 188.18317405555558,
            "envelope_load_total_kWh": 188.18317405555558,
            "evaporator_load_latent_kWh": 0.0006780555555678802,
            "evaporator_load_sensible_kWh": 196.28146916666668,
            "evaporator_load_total_kWh": 196.28214722222225,
            "feb_max_cop": 2.7761269227549383,
            "feb_max_hum_ratio_kg_kg": 0.0065864683,
            "feb_max_idb_c": 22.20001,
            "feb_mean_cop": 2.7713544227357225,
            "feb_mean_hum_ratio_kg_kg": 0.006586256279166732,
            "feb_mean_idb_c": 22.199991116071164,
            "feb_min_cop": 2.765594685874266,
            "feb_min_hum_ratio_kg_kg": 0.006582235,
            "feb_min_idb_c": 22.19998,
            "supply_fan_kWh": 8.100398850000005
        },
        "CE150": {
            "condenser_fan_kWh": NaN,
            "cooling_energy_compressor_kWh": NaN,
            "cooling_energy_total_kWh": 1197.1084809999995,
            "envelope_load_latent_kWh": 739.19664,
            "envelope_load_sensible_kWh": 3635.550118333333,
            "envelope_load_total_kWh": 4374.746758333333,
            "evaporator_load_latent_kWh": 732.695574444444,
            "evaporator_load_sensible_kWh": 3776.0269500000004,
            "evaporator_load_total_kWh": 4508.722524444444,
            "feb_max_cop": 3.6755883688497177,
            "feb_max_hum_ratio_kg_kg": 0.008444435,
            "feb_max_idb_c": 22.20022,
            "feb_mean_cop": 3.6544280052872966,
            "feb_mean_hum_ratio_kg_kg": 0.008422259210565471,
            "feb_mean_idb_c": 22.199889985119036,
            "feb_min_cop": 3.6370222355584536,
            "feb_min_hum_ratio_kg_kg": 0.0083340611,
            "feb_min_idb_c": 22.19962,
            "supply_fan_kWh": 140.2495419
        },
        "CE160": {
            "condenser_fan_kWh": NaN,
            "cooling_energy_compressor_kWh": NaN,
            "cooling_energy_total_kWh": 1131.7341670000005,
            "envelope_load_latent_kWh": 739.19664,
            "envelope_load_sensible_kWh": 3630.5229133333337,
            "envelope_load_total_kWh": 4369.719553333333,
            "evaporator_load_latent_kWh": 732.0119188888893,
            "evaporator_load_sensible_kWh": 3759.036741111111,
            "evaporator_load_total_kWh": 4491.04866,
            "feb_max_cop": 3.8842558981739757,
            "feb_max_hum_ratio_kg_kg": 0.010306578,
            "feb_max_idb_c": 26.70048,
            "feb_mean_cop": 3.8610830005394114,
            "feb_mean_hum_ratio_kg_kg": 0.010277822212797617,
            "feb_mean_idb_c": 26.699895952380942,
            "feb_min_cop": 3.8416894225145892,
            "feb_min_hum_ratio_kg_kg": 0.010168945,
            "feb_min_idb_c": 26.69934,
            "supply_fan_kWh": 128.27630229999997
        },
        "CE165": {
            "condenser_fan_kWh": NaN,
            "cooling_energy_compressor_kWh": NaN,
            "cooling_energy_total_kWh": 1491.0755080000006,
            "envelope_load_latent_kWh": 739.19664,
            "envelope_load_sensible_kWh": 3646.7281422222222,
            "envelope_load_total_kWh": 4385.924782222222,
            "evaporator_load_latent_kWh": 733.1666877777775,
            "evaporator_load_sensible_kWh": 3795.4925550000003,
            "evaporator_load_total_kWh": 4528.659242777778,
            "feb_max_cop": 2.960608070135774,
            "feb_max_hum_ratio_kg_kg": 0.009418441,