{
    "identifying_information": {
        "program_name_short": "Analytical",
        "results_submittal_date": "2000-08-10 00:00:00",
        "software_name": "Quasi-Analytical Solution with ideal controller model",
        "software_release_date": "nan"
    },
    "main_table": {
        "CE100": {
            "condenser_fan_kWh": 67.6426732503288,
            "cooling_energy_compressor_kWh": 1318.85150989173,
            "cooling_energy_total_kWh": 1530.54802432331,
            "envelope_load_latent_kWh": 0.0,
            "envelope_load_sensible_kWh": 3656.30623347076,
            "envelope_load_total_kWh": 3656.30623347076,
            "evaporator_load_latent_kWh": 0.0,
            "evaporator_load_sensible_kWh": 3800.35987149332,
            "evaporator_load_total_kWh": 3800.35987149332,
            "feb_max_cop": 2.38888683805175,
            "feb_max_hum_ratio_kg_kg": 0.0074274392987488,
            "feb_max_idb_c": 22.2,
            "feb_mean_cop": 2.38888683805175,
            "feb_mean_hum_ratio_kg_kg": 0.0074274392987488,
            "feb_mean_idb_c": 22.2,
            "feb_min_cop": 2.38888683805175,
            "feb_min_hum_ratio_kg_kg": 0.0074274392987488,
            "feb_min_idb_c": 22.2,
            "supply_fan_kWh": 144.053841181256
        },
        "CE110": {
            "condenser_fan_kWh": 60.16595096103,
            "cooling_energy_compressor_kWh": 887.937752103062,
            "cooling_energy_total_kWh": 1076.23489492554,
            "envelope_load_latent_kWh": 0.0,
            "envelope_load_sensible_kWh": 3637.11289266048,
            "envelope_load_total_kWh": 3637.11289266048,
            "evaporator_load_latent_kWh": 0.0,
            "evaporator_load_sensible_kWh": 3765.24380604828,
            "evaporator_load_total_kWh": 3765.24380604828,
            "feb_max_cop": 3.37947843108957,
            "feb_max_hum_ratio_kg_kg": 0.00651866463694051,
            "feb_max_idb_c": 22.2,
            "feb_mean_cop": 3.37947843108957,
            "feb_mean_hum_ratio_kg_kg": 0.00651866463694051,
            "feb_mean_idb_c": 22.2,
            "feb_min_cop": 3.37947843108957,
            "feb_min_hum_ratio_kg_kg": 0.00651866463694051,
            "feb_min_idb_c": 22.2,
            "supply_fan_kWh": 128.131191861453
        },
        "CE120": {
            "condenser_fan_kWh": 54.8982483683386,
            "cooling_energy_compressor_kWh": 840.866248921253,
            "cooling_energy_total_kWh": 1012.67743362957,
            "envelope_load_latent_kWh": 0.0,
            "envelope_load_sensible_kWh": 3631.98929538359,
            "envelope_load_total_kWh": 3631.98929538359,
            "evaporator_load_latent_kWh": 0.0,
            "evaporator_load_sensible_kWh": 3748.90198556172,
            "evaporator_load_total_kWh": 3748.90198556172,
            "feb_max_cop": 3.586521165189,
            "feb_max_hum_ratio_kg_kg": 0.00787828292338265,
            "feb_max_idb_c": 26.7,
            "feb_mean_cop": 3.586521165189,
            "feb_mean_hum_ratio_kg_kg": 0.00787828292338265,
            "feb_mean_idb_c": 26.7,
            "feb_min_cop": 3.586521165189,
            "feb_min_hum_ratio_kg_kg": 0.00787828292338265,
            "feb_min_idb_c": 26.7,
            "supply_fan_kWh": 116.91293633998
        },
        "CE130": {
            "condenser_fan_kWh": 4.88716801540664,
            "cooling_energy_compressor_kWh": 95.2867266549413,
            "cooling_energy_total_kWh": 110.581752480936,
            "envelope_load_latent_kWh": 0.0,
            "envelope_load_sensible_kWh": 208.946233470757,
            "envelope_load_total_kWh": 208.946233470757,
            "evaporator_load_latent_kWh": 0.0,
            "evaporator_load_sensible_kWh": 219.354089962286,
            "evaporator_load_total_kWh": 219.354089962286,
            "feb_max_cop": 1.88951818418432,
            "feb_max_hum_ratio_kg_kg": 0.0074274392987488,
            "feb_max_idb_c": 22.2,
            "feb_mean_cop": 1.88951818418432,
            "feb_mean_hum_ratio_kg_kg": 0.0074274392987488,
            "feb_mean_idb_c": 22.2,
            "feb_min_cop": 1.88951818418432,
            "feb_min_hum_ratio_kg_kg": 0.0074274392987488,
            "feb_min_idb_c": 22.2,
            "supply_fan_kWh": 10.4078578105882
        },
        "CE140": {
            "condenser_fan_kWh": 3.85712126874115,
            "cooling_energy_compressor_kWh": 56.9239500788951,
            "cooling_energy_total_kWh": 68.9953110866221,
            "envelope_load_latent_kWh": 0.0,
            "envelope_load_sensible_kWh": 189.75289266048,
            "envelope_load_total_kWh": 189.75289266048,
            "evaporator_load_latent_kWh": 0.0,
            "evaporator_load_sensible_kWh": 197.967131903391,
            "evaporator_load_total_kWh": 197.967131903391,
            "feb_max_cop": 2.75022880795733,
            "feb_max_hum_ratio_kg_kg": 0.00651866463694051,
            "feb_max_idb_c": 22.2,
            "feb_mean_cop": 2.75022880795733,
            "feb_mean_hum_ratio_kg_kg": 0.00651866463694051,
            "feb_mean_idb_c": 22.2,
            "feb_min_cop": 2.75022880795733,
            "feb_min_hum_ratio_kg_kg": 0.00651866463694051,
            "feb_min_idb_c": 22.2,
            "supply_fan_kWh": 8.21423973898578
        },
        "CE150": {
            "condenser_fan_kWh": 66.3121210511434,
            "cooling_energy_compressor_kWh": 998.957626526506,
            "cooling_energy_total_kWh": 1206.49000537175,
            "envelope_load_latent_kWh": 739.2,
            "envelope_load_sensible_kWh": 3637.11289266048,
            "envelope_load_total_kWh": 4376.31289266048,
            "evaporator_load_latent_kWh": 739.195588923833,
            "evaporator_load_sensible_kWh": 3778.33179308815,
            "evaporator_load_total_kWh": 4517.52738201198,
            "feb_max_cop": 3.62730491320517,
            "feb_max_hum_ratio_kg_kg": 0.00822723492700043,
            "feb_max_idb_c": 22.2,
            "feb_mean_cop": 3.62730491320517,
            "feb_mean_hum_ratio_kg_kg": 0.00822723492700043,
            "feb_mean_idb_c": 22.2,
            "feb_min_cop": 3.62730491320517,
            "feb_min_hum_ratio_kg_kg": 0.00822723492700043,
            "feb_min_idb_c": 22.2,
            "supply_fan_kWh": 141.220257794102
        },
        "CE160": {
            "condenser_fan_kWh": 60.7192961075666,
            "cooling_energy_compressor_kWh": 950.411074487847,
            "cooling_energy_total_kWh": 1140.43998267634,
            "envelope_load_latent_kWh": 739.2,
            "envelope_load_sensible_kWh": 3631.98929538359,
            "envelope_load_total_kWh": 4371.18929538359,
            "evaporator_load_latent_kWh": 739.239572924818,
            "evaporator_load_sensible_kWh": 3761.30533620614,
            "evaporator_load_total_kWh": 4500.54490913096,
            "feb_max_cop": 3.83293760605602,
            "feb_max_hum_ratio_kg_kg": 0.00996897645567423,
            "feb_max_idb_c": 26.7,
            "feb_mean_cop": 3.83293760605602,
            "feb_mean_hum_ratio_kg_kg": 0.00996897645567423,
            "feb_mean_idb_c": 26.7,
            "feb_min_cop": 3.83293760605602,
            "feb_min_hum_ratio_kg_kg": 0.00996897645567423,
            "feb_min_idb_c": 26.7,
            "supply_fan_kWh": 129.309612080929
        },
        "CE165": {
            "condenser_fan_kWh": 70.0113895747441,
            "cooling_energy_compressor_kWh": 1278.72046041034,
            "cooling_energy_total_kWh": 1497.830179635,
            "envelope_load_latent_kWh": 739.2,
            "envelope_load_sensible_kWh": 3648.63810810804,
            "envelope_load_total_kWh": 4387.83810810804,
            "evaporator_load_latent_kWh": 739.245434941578,
            "evaporator_load_sensible_kWh": 3797.75253208232,
            "evaporator_load_total_kWh": 4536.99796702389,
            "feb_max_cop": 2.9295040900052,
            "feb_max_hum_ratio_kg_kg": 0.00926940200035926,
            "feb_max_idb_c": 23.3,