{
    "identifying_information": {
        "program_name_short": null,
        "results_submittal_date": null,
        "software_name": null,
        "software_release_date": null
    },
    "main_table": {
        "CE100": {
            "condenser_fan_kWh": 67.4519999999998,
            "cooling_energy_compressor_kWh": 1311.16607999999,
            "cooling_energy_total_kWh": 1522.26614399999,
            "envelope_load_latent_kWh": 0.0,
            "envelope_load_sensible_kWh": 3656.08319999996,
            "envelope_load_total_kWh": 3656.08319999996,
            "evaporator_load_latent_kWh": 0.0,
            "evaporator_load_sensible_kWh": 3799.73664000005,
            "evaporator_load_total_kWh": 3799.73664000005,
            "feb_max_cop": 2.40174000000001,
            "feb_max_hum_ratio_kg_kg": 0.00750358999999987,
            "feb_max_idb_c": 22.2000000000003,
            "feb_mean_cop": 2.40174000000001,
            "feb_mean_hum_ratio_kg_kg": 0.00750358999999987,
            "feb_mean_idb_c": 22.2000000000003,
            "feb_min_cop": 2.40174000000001,
            "feb_min_hum_ratio_kg_kg": 0.00750358999999987,
            "feb_min_idb_c": 22.2000000000003,
            "supply_fan_kWh": 143.648064000001
        },
        "CE110": {
            "condenser_fan_kWh": 59.9565792000009,
            "cooling_energy_compressor_kWh": 879.318719999991,
            "cooling_energy_total_kWh": 1066.96067519999,
            "envelope_load_latent_kWh": 0.0,
            "envelope_load_sensible_kWh": 3636.92447999995,
            "envelope_load_total_kWh": 3636.92447999995,
            "evaporator_load_latent_kWh": 0.0,
            "evaporator_load_sensible_kWh": 3764.61120000003,
            "evaporator_load_total_kWh": 3764.61120000003,
            "feb_max_cop": 3.40867,
            "feb_max_hum_ratio_kg_kg": 0.00659380000000007,
            "feb_max_idb_c": 22.2000000000003,
            "feb_mean_cop": 3.40867,
            "feb_mean_hum_ratio_kg_kg": 0.00659380000000007,
            "feb_mean_idb_c": 22.2000000000003,
            "feb_min_cop": 3.40867,
            "feb_min_hum_ratio_kg_kg": 0.00659380000000007,
            "feb_min_idb_c": 22.2000000000003,
            "supply_fan_kWh": 127.685376000002
        },
        "CE120": {
            "condenser_fan_kWh": 54.7845984000006,
            "cooling_energy_compressor_kWh": 835.847040000013,
            "cooling_energy_total_kWh": 1007.30226240001,
            "envelope_load_latent_kWh": 0.0,
            "envelope_load_sensible_kWh": 3631.75679999995,
            "envelope_load_total_kWh": 3631.75679999995,
            "evaporator_load_latent_kWh": 0.0,
            "evaporator_load_sensible_kWh": 3748.42943999997,
            "evaporator_load_total_kWh": 3748.42943999997,
            "feb_max_cop": 3.60544,
            "feb_max_hum_ratio_kg_kg": 0.00795056000000002,
            "feb_max_idb_c": 26.7000000000003,
            "feb_mean_cop": 3.60544,
            "feb_mean_hum_ratio_kg_kg": 0.00795056000000002,
            "feb_mean_idb_c": 26.7000000000003,
            "feb_min_cop": 3.60544,
            "feb_min_hum_ratio_kg_kg": 0.00795056000000002,
            "feb_min_idb_c": 26.7000000000003,
            "supply_fan_kWh": 116.670623999998
        },
        "CE130": {
            "condenser_fan_kWh": 4.81762176000001,
            "cooling_energy_compressor_kWh": 93.6472320000011,
            "cooling_energy_total_kWh": 108.724613760001,
            "envelope_load_latent_kWh": 0.0,
            "envelope_load_sensible_kWh": 208.725215999997,
            "envelope_load_total_kWh": 208.725215999997,
            "evaporator_load_latent_kWh": 0.0,
            "evaporator_load_sensible_kWh": 218.985312000003,
            "evaporator_load_total_kWh": 218.985312000003,
            "feb_max_cop": 1.91976,
            "feb_max_hum_ratio_kg_kg": 0.00750358999999987,
            "feb_max_idb_c": 22.2000000000003,
            "feb_mean_cop": 1.91976,
            "feb_mean_hum_ratio_kg_kg": 0.00750358999999987,
            "feb_mean_idb_c": 22.2000000000003,
            "feb_min_cop": 1.91976,
            "feb_min_hum_ratio_kg_kg": 0.00750358999999987,
            "feb_min_idb_c": 22.2000000000003,
            "supply_fan_kWh": 10.2597600000001
        },
        "CE140": {
            "condenser_fan_kWh": 3.80791486,
            "cooling_energy_compressor_kWh": 55.8467614999998,
            "cooling_energy_total_kWh": 67.7641035599998,
            "envelope_load_latent_kWh": 0.0,
            "envelope_load_sensible_kWh": 189.565152000001,
            "envelope_load_total_kWh": 189.565152000001,
            "evaporator_load_latent_kWh": 0.0,
            "evaporator_load_sensible_kWh": 197.674848,
            "evaporator_load_total_kWh": 197.674848,
            "feb_max_cop": 2.79743000000003,
            "feb_max_hum_ratio_kg_kg": 0.00659380026785721,
            "feb_max_idb_c": 22.2000000000003,
            "feb_mean_cop": 2.79743000000003,
            "feb_mean_hum_ratio_kg_kg": 0.00659380026785721,
            "feb_mean_idb_c": 22.2000000000003,
            "feb_min_cop": 2.79743000000003,
            "feb_min_hum_ratio_kg_kg": 0.00659380026785721,
            "feb_min_idb_c": 22.2000000000003,
            "supply_fan_kWh": 8.10942719999997
        },
        "CE150": {
            "condenser_fan_kWh": 66.1490592000004,
            "cooling_energy_compressor_kWh": 992.03327999999,
            "cooling_energy_total_kWh": 1199.05504319999,
            "envelope_load_latent_kWh": 739.200000000009,
            "envelope_load_sensible_kWh": 3636.92447999995,
            "envelope_load_total_kWh": 4376.12448000005,
            "evaporator_load_latent_kWh": 739.200000000009,
            "evaporator_load_sensible_kWh": 3777.79584000004,
            "evaporator_load_total_kWh": 4516.99583999997,
            "feb_max_cop": 3.64964000000005,
            "feb_max_hum_ratio_kg_kg": 0.0083236,
            "feb_max_idb_c": 22.2000000000003,
            "feb_mean_cop": 3.64964000000005,
            "feb_mean_hum_ratio_kg_kg": 0.0083236,
            "feb_mean_idb_c": 22.2000000000003,
            "feb_min_cop": 3.64964000000005,
            "feb_min_hum_ratio_kg_kg": 0.0083236,
            "feb_min_idb_c": 22.2000000000003,
            "supply_fan_kWh": 140.872703999999
        },
        "CE160": {
            "condenser_fan_kWh": 60.6262272000007,
            "cooling_energy_compressor_kWh": 946.995840000003,
            "cooling_energy_total_kWh": 1136.73342720001,
            "envelope_load_latent_kWh": 739.200000000009,
            "envelope_load_sensible_kWh": 3631.75679999995,
            "envelope_load_total_kWh": 4370.95679999994,
            "evaporator_load_latent_kWh": 739.200000000009,
            "evaporator_load_sensible_kWh": 3760.86815999995,
            "evaporator_load_total_kWh": 4500.06816000006,
            "feb_max_cop": 3.84519,
            "feb_max_hum_ratio_kg_kg": 0.0100691,
            "feb_max_idb_c": 26.7000000000003,
            "feb_mean_cop": 3.84519,
            "feb_mean_hum_ratio_kg_kg": 0.0100691,
            "feb_mean_idb_c": 26.7000000000003,
            "feb_min_cop": 3.84519,
            "feb_min_hum_ratio_kg_kg": 0.0100691,
            "feb_min_idb_c": 26.7000000000003,
            "supply_fan_kWh": 129.111360000002
        },
        "CE165": {
            "condenser_fan_kWh": 70.1326079999993,
            "cooling_energy_compressor_kWh": 1280.22047999999,
            "cooling_energy_total_kWh": 1499.71046399998,
            "envelope_load_latent_kWh": 739.200000000009,
            "envelope_load_sensible_kWh": 3648.50975999997,
            "envelope_load_total_kWh": 4387.70975999997,
            "evaporator_load_latent_kWh": 739.200000000009,
            "evaporator_load_sensible_kWh": 3797.86847999998,
            "evaporator_load_total_kWh": 4537.06847999996,
            "feb_max_cop": 2.92570999999998,
            "feb_max_hum_ratio_kg_kg": 0.00930207000000011,