{
    "fan_energy": {
        "HE150": 432.0,
        "HE160": 170.2,
        "HE170": 473.4,
        "HE210": 281.6,
        "HE220": 268.3,
        "HE230": 458.3
    },
    "fuel_consumption": {
        "HE100": 0.000263,
        "HE110": 0.000328,
        "HE120": 0.00013,
        "HE130": 0.0,
        "HE140": 0.000132,
        "HE150": 0.000126,
        "HE160": 0.000129,
        "HE170": 0.000126,
        "HE210": 0.000171,
        "HE220": 0.000162,
        "HE230": 0.00014
    },
    "furnace_input": {
        "HE100": 77.74,
        "HE110": 96.92006400000001,
        "HE120": 38.413439999999994,
        "HE130": 0.0,
        "HE140": 39.004416,
        "HE150": 37.231488,
        "HE160": 38.117952,
        "HE170": 37.231488,
        "HE210": 50.528448000000004,
        "HE220": 47.869056,
        "HE230": 41.36831999999999
    },
    "furnace_loads": {
        "HE100": 77.94,
        "HE110": 77.94,
        "HE120": 31.25,
        "HE130": 0.0,
        "HE140": 31.26,
        "HE150": 29.88,
        "HE160": 31.26,
        "HE170": 29.88,
        "HE210": 41.36,
        "HE220": 39.41,
        "HE230": 34.32
    },
    "identifying_information": {
        "software_name": "ESP-r/HOT3000",
        "testing_organization": "CETC"
    },
    "maximum_zone_temperature": {
        "HE210": 21.45,
        "HE220": 22.7,
        "HE230": 20.14
    },
    "mean_zone_temperature": {
        "HE210": 20.01,
        "HE220": 18.75,
        "HE230": 15.48
    },
    "minimum_zone_temperature": {
        "HE210": 20.0,
        "HE220": 15.0,
        "HE230": 1.45
    }
}